{
    "mse": 0.8385691806634658,
    "r2": 0.16216510420464836
}